{
  "m_Shader": {
    "m_FileID": 1,
    "m_PathID": -8002295026756932664,
    "Name": "",
    "IsNull": false
  },
  "m_SavedProperties": {
    "m_TexEnvs": {
      "_MTMap": {
        "m_Texture": {
          "m_FileID": 2,
          "m_PathID": -867313356815120306,
          "Name": "",
          "IsNull": false
        },
        "m_Scale": {
          "X": 1.0,
          "Y": 1.0
        },
        "m_Offset": {
          "X": 0.0,
          "Y": 0.0
        }
      },
      "_MainTex": {
        "m_Texture": {
          "m_FileID": 3,
          "m_PathID": 3048141548859427853,
          "Name": "Beyd_Avatar_Girl_BaseBody_Common_01_Tex_Diffuse",
          "IsNull": false
        },
        "m_Scale": {
          "X": 1.0,
          "Y": 1.0
        },
        "m_Offset": {
          "X": 0.0,
          "Y": 0.0
        }
      },
      "_MaskDiffuseTex": {
        "m_Texture": {
          "m_FileID": 0,
          "m_PathID": 0,
          "Name": "",
          "IsNull": true
        },
        "m_Scale": {
          "X": 1.0,
          "Y": 1.0
        },
        "m_Offset": {
          "X": 0.0,
          "Y": 0.0
        }
      },
      "_MaskLightMap": {
        "m_Texture": {
          "m_FileID": 0,
          "m_PathID": 0,
          "Name": "",
          "IsNull": true
        },
        "m_Scale": {
          "X": 1.0,
          "Y": 1.0
        },
        "m_Offset": {
          "X": 0.0,
          "Y": 0.0
        }
      },
      "_PVMask1": {
        "m_Texture": {
          "m_FileID": 0,
          "m_PathID": 0,
          "Name": "",
          "IsNull": true
        },
        "m_Scale": {
          "X": 1.0,
          "Y": 1.0
        },
        "m_Offset": {
          "X": 0.0,
          "Y": 0.0
        }
      },
      "_PVMask2": {
        "m_Texture": {
          "m_FileID": 0,
          "m_PathID": 0,
          "Name": "",
          "IsNull": true
        },
        "m_Scale": {
          "X": 1.0,
          "Y": 1.0
        },
        "m_Offset": {
          "X": 0.0,
          "Y": 0.0
        }
      },
      "_PantiesTex": {
        "m_Texture": {
          "m_FileID": 0,
          "m_PathID": 0,
          "Name": "",
          "IsNull": true
        },
        "m_Scale": {
          "X": 1.0,
          "Y": 1.0
        },
        "m_Offset": {
          "X": 0.0,
          "Y": 0.0
        }
      },
      "_ShaderLerpCharAvatarDie_DissolveNoise": {
        "m_Texture": {
          "m_FileID": 0,
          "m_PathID": 0,
          "Name": "",
          "IsNull": true
        },
        "m_Scale": {
          "X": 1.0,
          "Y": 1.0
        },
        "m_Offset": {
          "X": 0.0,
          "Y": 0.0
        }
      },
      "_ShaderLerpCharFrozen_CubeMap": {
        "m_Texture": {
          "m_FileID": 0,
          "m_PathID": 0,
          "Name": "",
          "IsNull": true
        },
        "m_Scale": {
          "X": 1.0,
          "Y": 1.0
        },
        "m_Offset": {
          "X": 0.0,
          "Y": 0.0
        }
      },
      "_ShaderLerpCharFrozen_IceBumpTex": {
        "m_Texture": {
          "m_FileID": 0,
          "m_PathID": 0,
          "Name": "",
          "IsNull": true
        },
        "m_Scale": {
          "X": 1.0,
          "Y": 1.0
        },
        "m_Offset": {
          "X": 0.0,
          "Y": 0.0
        }
      },
      "_ShaderLerpCharFrozen_TillingNormal": {
        "m_Texture": {
          "m_FileID": 0,
          "m_PathID": 0,
          "Name": "",
          "IsNull": true
        },
        "m_Scale": {
          "X": 1.0,
          "Y": 1.0
        },
        "m_Offset": {
          "X": 0.0,
          "Y": 0.0
        }
      },
      "_ShaderLerpCharFrozen_TriplanarTex": {
        "m_Texture": {
          "m_FileID": 0,
          "m_PathID": 0,
          "Name": "",
          "IsNull": true
        },
        "m_Scale": {
          "X": 1.0,
          "Y": 1.0
        },
        "m_Offset": {
          "X": 0.0,
          "Y": 0.0
        }
      },
      "_ShaderLerpCharPetrified_PetrifiedDetailTex": {
        "m_Texture": {
          "m_FileID": 0,
          "m_PathID": 0,
          "Name": "",
          "IsNull": true
        },
        "m_Scale": {
          "X": 1.0,
          "Y": 1.0
        },
        "m_Offset": {
          "X": 0.0,
          "Y": 0.0
        }
      },
      "_UGCSkinBlitPatternLightMap": {
        "m_Texture": {
          "m_FileID": 0,
          "m_PathID": 0,
          "Name": "",
          "IsNull": true
        },
        "m_Scale": {
          "X": 1.0,
          "Y": 1.0
        },
        "m_Offset": {
          "X": 0.0,
          "Y": 0.0
        }
      },
      "_UGCSkinBlitPatternTex": {
        "m_Texture": {
          "m_FileID": 0,
          "m_PathID": 0,
          "Name": "",
          "IsNull": true
        },
        "m_Scale": {
          "X": 1.0,
          "Y": 1.0
        },
        "m_Offset": {
          "X": 0.0,
          "Y": 0.0
        }
      },
      "_VSSKinningPoseTex": {
        "m_Texture": {
          "m_FileID": 0,
          "m_PathID": 0,
          "Name": "",
          "IsNull": true
        },
        "m_Scale": {
          "X": 1.0,
          "Y": 1.0
        },
        "m_Offset": {
          "X": 0.0,
          "Y": 0.0
        }
      }
    },
    "m_Ints": null,
    "m_Floats": {
      "_ASEHeader": 0.0,
      "_AnimBoneOffset": 0.0,
      "_AnimFPS": 15.0,
      "_BumpScale": 1.0,
      "_CharacterAmbientSensorColorOn": 0.0,
      "_CharacterAmbientSensorForceShadowOn": 0.0,
      "_CharacterAmbientSensorShadowOn": 0.0,
      "_CharacterEmission": 0.0,
      "_CharacterMainTex": 0.0,
      "_CharacterShadow": 0.0,
      "_ClipAlphaHighLightScale": 0.0,
      "_ClipAlphaThreshold": 0.0,
      "_ClipAlphaUVSet": 0.0,
      "_ClipBoxHighLightScale": 0.2,
      "_ClipDissolveDirection": 0.0,
      "_ClipDissolveHightlightScale": 1.0,
      "_ClipDissolveValue": 1.0,
      "_ClipMethod": 0.0,
      "_ClipPlaneWorld": 1.0,
      "_CullMode": 2.0,
      "_Cutoff": 0.5,
      "_DebugPanties": 0.0,
      "_DecalPatternCenterX": 0.0,
      "_DecalPatternCenterY": 0.0,
      "_DecalPatternRotation": 0.0,
      "_DecalPatternScale": 1.0,
      "_DetailNormalMapScale": 1.0,
      "_DitherAlpha": 1.0,
      "_DrawBackFace": 0.0,
      "_DstBlend": 0.0,
      "_DummyHitColor": 0.0,
      "_DummyMainSettings": 0.0,
      "_DummyMaterial2": 0.0,
      "_DummyOutline": 0.0,
      "_DummyPanties": 0.0,
      "_DummyUseDither": 0.0,
      "_Dx11ShaderPsScore": 112.0,
      "_Dx11ShaderScore": -2.0,
      "_Dx11ShaderVsScore": 146.0,
      "_ElementViewEleID": 0.0,
      "_EmissionScaler": 1.0,
      "_EmissionScaler1": 1.0,
      "_EmissionScaler2": 1.0,
      "_EmissionScaler3": 1.0,
      "_EmissionScaler4": 1.0,
      "_EmissionScaler5": 1.0,
      "_EmissionStrengthLerp": 0.0,
      "_EnableAvatarDie": 0.0,
      "_EnableAvatarDieDebug": 0.0,
      "_EnableCharacterDissolve": 0.0,
      "_EnableCharacterDissolveDebug": 0.0,
      "_EnableCharacterFrozen": 0.0,
      "_EnableCharacterFrozenDebug": 0.0,
      "_EnableCharacterPetrified": 0.0,
      "_EnableCharacterPetrifiedDebug": 0.0,
      "_EnableCustomParams": 0.0,
      "_EnableDistanceLerp": 0.0,
      "_EnablePerformance": 0.0,
      "_EnableShaderLerpDebug": 0.0,
      "_FaceBlushStrength": 0.0,
      "_FaceMapRotateOffset": 0.0,
      "_FaceMapSoftness": 1E-06,
      "_FlareType": 0.0,
      "_GlossMapScale": 1.0,
      "_Glossiness": 0.5,
      "_GlossyReflections": 1.0,
      "_HitColorFresnelPower": 1.5,
      "_HitColorScaler": 6.0,
      "_InstanceData": 0.0,
      "_LightArea": 0.5,
      "_LightMapBlurSize": 1.0,
      "_LightMapLayerEnum": 0.0,
      "_MHYZBias": 0.0,
      "_MTMapBrightness": 1.0,
      "_MTMapTileScale": 1.0,
      "_MTSharpLayerOffset": 1.0,
      "_MTShininess": 11.0,
      "_MTSpecularAttenInShadow": 0.2,
      "_MTSpecularScale": 60.0,
      "_MTUseSpecularRamp": 0.0,
      "_MainSettingsGroup": 0.0,
      "_MainTexAlphaCutoff": 0.5,
      "_MainTexAlphaUse": 0.0,
      "_MainTexColoring": 0.0,
      "_MakeupContrast": 1.0,
      "_MakeupIntensity": 1.0,
      "_MakeupPatternCenterX": 0.0,
      "_MakeupPatternCenterY": 0.0,
      "_MakeupPatternRotation": 0.0,
      "_MakeupPatternScale": 1.0,
      "_MakeupTexBW": 0.0,
      "_MakeupUsePattern": 0.0,
      "_MaxOutlineZOffset": 1.0,
      "_MergedMeshEnable": 0.0,
      "_MergedMeshTextureEnable": 0.0,
      "_MetalMaterial": 0.0,
      "_Metallic": 0.0,
      "_Mode": 0.0,
      "_NormalMapLayerEnum": 0.0,
      "_NormalMapOffset": 0.0,
      "_NormalMapScale": 0.0,
      "_NyxStateEnableOutlineVertAnimScaleHeightLerp": 0.0,
      "_NyxStateEnableOutlineWidthScaleHeightLerp": 0.0,
      "_NyxStateOutlineColorNoiseTurbulence": 0.25,
      "_NyxStateOutlineColorScale": 1.0,
      "_NyxStateOutlineVertAnimScale": 30.0,
      "_NyxStateOutlineWidthScale": 5.0,
      "_NyxStatePaintMaskChannel": 0.0,
      "_OcclusionStrength": 1.0,
      "_OutLineIntensity": 0.2,
      "_OutLineIntensity2": 0.0,
      "_OutLineZOffset": 0.0,
      "_OutlineGroup": 0.0,
      "_OutlineMotionVectorsCull": 1.0,
      "_OutlinePolygonOffsetFactor": 0.0,
      "_OutlinePolygonOffsetUnit": 0.0,
      "_OutlineType": 2.0,
      "_OutlineWidth": 0.03,
      "_PackageLightMapToggle": 0.0,
      "_PackageNormalMapToggle": 0.0,
      "_PantiesShadowTransitionRange": 0.03,
      "_PantiesShadowTransitionSoftness": 0.6,
      "_Parallax": 0.02,
      "_PolygonOffsetFactor": 14.02,
      "_PolygonOffsetUnit": 0.0,
      "_SHADER_LERP_MATERIAL_ID": 0.0,
      "_Scale": 0.01,
      "_ShaderLerpCharAvatarDie_DissolveColorScaler": 1.0,
      "_ShaderLerpCharAvatarDie_DissolveEdgeWidth": 1.1,
      "_ShaderLerpCharAvatarDie_DissolveValue": 0.0,
      "_ShaderLerpCharDissolve_Value": 0.02962045,
      "_ShaderLerpCharFrozen_FrozenIntensity": 0.9,
      "_ShaderLerpCharPetrified_PetrifiedIntensity": 0.9058824,
      "_ShadowRampWidth": 1.0,
      "_ShadowTransitionOpacityRange": 0.04,
      "_ShadowTransitionOpacitySoftness": 0.4,
      "_ShadowTransitionRange": 0.0463,
      "_ShadowTransitionRange2": 0.0306,
      "_ShadowTransitionRange3": 0.01,
      "_ShadowTransitionRange4": 0.01,
      "_ShadowTransitionRange5": 0.01,
      "_ShadowTransitionSoftness": 0.723,
      "_ShadowTransitionSoftness2": 0.599,
      "_ShadowTransitionSoftness3": 0.5,
      "_ShadowTransitionSoftness4": 0.5,
      "_ShadowTransitionSoftness5": 0.5,
      "_Shininess": 10.0,
      "_Shininess2": 10.0,
      "_Shininess3": 10.0,
      "_Shininess4": 10.0,
      "_Shininess5": 10.0,
      "_ShowcaseEnable": 0.0,
      "_SkinTintColorOutlineLerp": 0.5,
      "_SmoothnessTextureChannel": 0.0,
      "_SpecMulti": 0.1,
      "_SpecMulti2": 0.1,
      "_SpecMulti3": 0.1,
      "_SpecMulti4": 0.1,
      "_SpecMulti5": 0.1,
      "_SpecOpacity": 0.0,
      "_SpecOpacity2": 0.0,
      "_SpecualrInShaow": 0.0,
      "_SpecularHighlights": 1.0,
      "_SpecularIntensity": 0.46,
      "_SpecularThreshold": 0.011,
      "_SrcBlend": 1.0,
      "_StockingsShadowRange1": 0.0,
      "_StockingsShadowRange2": 0.0,
      "_StockingsShadowRange3": 0.0,
      "_StockingsShadowRange4": 0.0,
      "_StockingsShadowScale1": 1.0,
      "_StockingsShadowScale2": 1.0,
      "_StockingsShadowScale3": 1.0,
      "_StockingsShadowScale4": 1.0,
      "_StockingsShadowTransitionRange1": 0.01,
      "_StockingsShadowTransitionRange2": 0.01,
      "_StockingsShadowTransitionRange3": 0.01,
      "_StockingsShadowTransitionRange4": 0.01,
      "_StockingsShadowTransitionSoftness1": 0.5,
      "_StockingsShadowTransitionSoftness2": 0.5,
      "_StockingsShadowTransitionSoftness3": 0.5,
      "_StockingsShadowTransitionSoftness4": 0.5,
      "_StockingsSpecularShift1": 0.0,
      "_StockingsSpecularShift2": 0.0,
      "_StockingsSpecularShift3": 0.0,
      "_StockingsSpecularShift4": 0.0,
      "_TempNyxStatePaintMaskChannel": 0.0,
      "_TessEdgeLength": 10.0,
      "_TessOutlineZOffset": 0.0,
      "_TessPidStart": 0.0,
      "_TessStrength": 1.0,
      "_TessType": 0.0,
      "_TessellationCheckInflectionOn": 1.0,
      "_TessellationOn": 0.0,
      "_TextureBiasWhenDithering": -1.0,
      "_TextureLineSmoothness": 0.1,
      "_TextureLineThickness": 0.6,
      "_UVSec": 0.0,
      "_UseBackFaceUV2": 0.0,
      "_UseBumpMap": 0.0,
      "_UseCharacterMakeup": 0.0,
      "_UseCharacterStockings1": 0.0,
      "_UseCharacterStockings2": 0.0,
      "_UseCharacterStockings3": 0.0,
      "_UseCharacterStockings4": 0.0,
      "_UseClipPlane": 0.0,
      "_UseClipping": 0.0,
      "_UseCoolShadowColorOrTex": 1.0,
      "_UseFaceMapNew": 0.0,
      "_UseLightMapColorAO": 1.0,
      "_UseMask": 0.0,
      "_UseMaterial2": 0.0,
      "_UseMaterial3": 0.0,
      "_UseMaterial4": 0.0,
      "_UseMaterial5": 0.0,
      "_UseMaterialMasksTex": 0.0,
      "_UsePVMask1": 0.0,
      "_UsePVMask2": 0.0,
      "_UsePanties": 0.0,
      "_UsePattern": 0.0,
      "_UseShadowRamp": 0.0,
      "_UseShadowTransition": 1.0,
      "_UseSpecular": 0.0,
      "_UseToonLightMap": 1.0,
      "_UseVertexColorAO": 0.0,
      "_UseVertexRampWidth": 0.0,
      "_UsingDitherAlpha": 0.0,
      "_UtilityDisplay1": 0.0,
      "_UtilityDisplay2": 0.0,
      "_ZWrite": 1.0,
      "_isNativeMainNormal": 0.0
    },
    "m_Colors": {
      "_CharacterCubeColor2": {
        "r": 0.0,
        "g": 0.0,
        "b": 0.0,
        "a": 0.0
      },
      "_ClipBoxPositionOffset": {
        "r": 0.0,
        "g": 0.0,
        "b": 0.0,
        "a": 0.0
      },
      "_ClipBoxScale": {
        "r": 0.5,
        "g": 0.5,
        "b": 0.5,
        "a": 1.0
      },
      "_ClipHighLightColor": {
        "r": 1.0,
        "g": 1.0,
        "b": 1.0,
        "a": 1.0
      },
      "_ClipPlane": {
        "r": 0.0,
        "g": 0.0,
        "b": 0.0,
        "a": 0.0
      },
      "_Color": {
        "r": 1.0,
        "g": 1.0,
        "b": 1.0,
        "a": 1.0
      },
      "_Color2": {
        "r": 1.0,
        "g": 1.0,
        "b": 1.0,
        "a": 1.0
      },
      "_Color3": {
        "r": 1.0,
        "g": 1.0,
        "b": 1.0,
        "a": 1.0
      },
      "_Color4": {
        "r": 1.0,
        "g": 1.0,
        "b": 1.0,
        "a": 1.0
      },
      "_Color5": {
        "r": 1.0,
        "g": 1.0,
        "b": 1.0,
        "a": 1.0
      },
      "_CoolShadowMultColor": {
        "r": 0.97647053,
        "g": 0.7529412,
        "b": 0.7058823,
        "a": 1.0
      },
      "_CoolShadowMultColor1": {
        "r": 0.98999995,
        "g": 0.85,
        "b": 0.824,
        "a": 1.0
      },
      "_CoolShadowMultColor2": {
        "r": 0.9,
        "g": 0.7,
        "b": 0.75,
        "a": 1.0
      },
      "_CoolShadowMultColor3": {
        "r": 0.9,
        "g": 0.7,
        "b": 0.75,
        "a": 1.0
      },
      "_CoolShadowMultColor4": {
        "r": 0.9,
        "g": 0.7,
        "b": 0.75,
        "a": 1.0
      },
      "_CoolShadowMultColor5": {
        "r": 0.9,
        "g": 0.7,
        "b": 0.75,
        "a": 1.0
      },
      "_CoolShadowMultOpacityColor": {
        "r": 0.7058824,
        "g": 0.7058824,
        "b": 0.7058824,
        "a": 1.0
      },
      "_DecalAlphaRamp": {
        "r": 0.0,
        "g": 1.0,
        "b": 1.0,
        "a": 0.0
      },
      "_DecalColor": {
        "r": 1.0,
        "g": 1.0,
        "b": 1.0,
        "a": 1.0
      },
      "_DecalColorRamp": {
        "r": 0.0,
        "g": 1.0,
        "b": 1.0,
        "a": 0.0
      },
      "_DecalEmissionRamp": {
        "r": 0.0,
        "g": 1.0,
        "b": 1.0,
        "a": 0.0
      },
      "_ElementRimColor": {
        "r": 0.0,
        "g": 0.0,
        "b": 0.0,
        "a": 0.0
      },
      "_EmissionColor": {
        "r": 0.0,
        "g": 0.0,
        "b": 0.0,
        "a": 1.0
      },
      "_EmissionColor_MHY": {
        "r": 1.0,
        "g": 1.0,
        "b": 1.0,
        "a": 1.0
      },
      "_EmissionColor_MHY1": {
        "r": 1.0,
        "g": 1.0,
        "b": 1.0,
        "a": 1.0
      },
      "_EmissionColor_MHY2": {
        "r": 1.0,
        "g": 1.0,
        "b": 1.0,
        "a": 1.0
      },
      "_FaceBlushColor": {
        "r": 1.0,
        "g": 0.8,
        "b": 0.7,
        "a": 1.0
      },
      "_FirstShadowMultColor": {
        "r": 0.97647053,
        "g": 0.7529412,
        "b": 0.7058823,
        "a": 1.0
      },
      "_FirstShadowMultColor1": {
        "r": 0.98999995,
        "g": 0.85,
        "b": 0.824,
        "a": 1.0
      },
      "_FirstShadowMultColor2": {
        "r": 0.9,
        "g": 0.7,
        "b": 0.75,
        "a": 1.0
      },
      "_FirstShadowMultColor3": {
        "r": 0.9,
        "g": 0.7,
        "b": 0.75,
        "a": 1.0
      },
      "_FirstShadowMultColor4": {
        "r": 0.9,
        "g": 0.7,
        "b": 0.75,
        "a": 1.0
      },
      "_FirstShadowMultColor5": {
        "r": 0.9,
        "g": 0.7,
        "b": 0.75,
        "a": 1.0
      },
      "_FirstShadowMultOpacityColor": {
        "r": 0.78431374,
        "g": 0.78431374,
        "b": 0.78431374,
        "a": 1.0
      },
      "_HitColor": {
        "r": 0.0,
        "g": 0.0,
        "b": 0.0,
        "a": 0.0
      },
      "_MTMapDarkColor": {
        "r": 0.0,
        "g": 0.0,
        "b": 0.0,
        "a": 0.0
      },
      "_MTMapLightColor": {
        "r": 1.0,
        "g": 1.0,
        "b": 1.0,
        "a": 1.0
      },
      "_MTShadowMultiColor": {
        "r": 0.8,
        "g": 0.8,
        "b": 0.8,
        "a": 0.8
      },
      "_MTSharpLayerColor": {
        "r": 1.0,
        "g": 1.0,
        "b": 1.0,
        "a": 1.0
      },
      "_MTSpecularColor": {
        "r": 1.0,
        "g": 1.0,
        "b": 1.0,
        "a": 1.0
      },
      "_MainTexTintColor": {
        "r": 1.0,
        "g": 1.0,
        "b": 1.0,
        "a": 1.0
      },
      "_MakeupColor": {
        "r": 1.0,
        "g": 1.0,
        "b": 1.0,
        "a": 1.0
      },
      "_NyxStateOutlineColorNoiseAnim": {
        "r": 0.05,
        "g": 0.05,
        "b": 0.0,
        "a": 0.0
      },
      "_NyxStateOutlineColorNoiseScale": {
        "r": 2.0,
        "g": 2.0,
        "b": 0.0,
        "a": 0.0
      },
      "_NyxStateOutlineVertAnimNoiseAnim": {
        "r": 0.05,
        "g": 0.05,
        "b": 0.0,
        "a": 0.0
      },
      "_NyxStateOutlineVertAnimNoiseScale": {
        "r": 2.0,
        "g": 2.0,
        "b": 0.0,
        "a": 0.0
      },
      "_NyxStateOutlineVertAnimScaleLerpHeightRange": {
        "r": 0.0,
        "g": 1.0,
        "b": 1.0,
        "a": 0.0
      },
      "_NyxStateOutlineVertAnimScaleRange": {
        "r": 1.0,
        "g": 1.0,
        "b": 0.0,
        "a": 0.0
      },
      "_NyxStateOutlineWidthScaleLerpHeightRange": {
        "r": 0.0,
        "g": 1.0,
        "b": 1.0,
        "a": 0.0
      },
      "_NyxStateOutlineWidthScaleRange": {
        "r": 1.0,
        "g": 1.0,
        "b": 0.0,
        "a": 0.0
      },
      "_NyxStateOutlineWidthVarietyWithResolution": {
        "r": 1080.0,
        "g": 0.0,
        "b": 0.0,
        "a": 0.0
      },
      "_OutlineColor": {
        "r": 0.625,
        "g": 0.32919192,
        "b": 0.30330878,
        "a": 1.0
      },
      "_OutlineColor2": {
        "r": 0.625,
        "g": 0.32919192,
        "b": 0.30330878,
        "a": 1.0
      },
      "_OutlineColor3": {
        "r": 0.0,
        "g": 0.0,
        "b": 0.0,
        "a": 1.0
      },
      "_OutlineColor4": {
        "r": 0.0,
        "g": 0.0,
        "b": 0.0,
        "a": 1.0
      },
      "_OutlineColor5": {
        "r": 0.0,
        "g": 0.0,
        "b": 0.0,
        "a": 1.0
      },
      "_OutlineWidthAdjustScales": {
        "r": 0.105,
        "g": 0.245,
        "b": 0.6,
        "a": 0.0
      },
      "_OutlineWidthAdjustZs": {
        "r": 0.01,
        "g": 2.0,
        "b": 6.0,
        "a": 0.0
      },
      "_PantiesCoolShadowMultColor": {
        "r": 0.6902,
        "g": 0.7059,
        "b": 0.7216,
        "a": 1.0
      },
      "_PantiesFirstShadowMultColor": {
        "r": 0.6902,
        "g": 0.7059,
        "b": 0.7216,
        "a": 1.0
      },
      "_ShaderLerpCharAvatarDie_DeathTintColor": {
        "r": 1.0,
        "g": 1.0,
        "b": 1.0,
        "a": 1.0
      },
      "_ShaderLerpCharAvatarDie_DissolveColor": {
        "r": 0.43382347,
        "g": 1.0,
        "b": 0.9297161,
        "a": 1.0
      },
      "_ShaderLerpCharDissolve_Color": {
        "r": 0.5,
        "g": 1.0,
        "b": 1.0,
        "a": 1.0
      },
      "_SingleColorOutputColor": {
        "r": 1.0,
        "g": 1.0,
        "b": 1.0,
        "a": 1.0
      },
      "_SkinTintColor": {
        "r": 1.0,
        "g": 0.9882353,
        "b": 0.9568626,
        "a": 1.0
      },
      "_SkinTintSecondColor": {
        "r": 0.7215686,
        "g": 0.635294,
        "b": 0.635294,
        "a": 1.0
      },
      "_SpecularColor": {
        "r": 1.0,
        "g": 1.0,
        "b": 1.0,
        "a": 1.0
      },
      "_SpecularColor2": {
        "r": 1.0,
        "g": 1.0,
        "b": 1.0,
        "a": 1.0
      },
      "_StockCoolShadowMultColor1": {
        "r": 0.98999995,
        "g": 0.85,
        "b": 0.824,
        "a": 1.0
      },
      "_StockCoolShadowMultColor2": {
        "r": 0.98999995,
        "g": 0.85,
        "b": 0.824,
        "a": 1.0
      },
      "_StockCoolShadowMultColor3": {
        "r": 0.98999995,
        "g": 0.85,
        "b": 0.824,
        "a": 1.0
      },
      "_StockCoolShadowMultColor4": {
        "r": 0.98999995,
        "g": 0.85,
        "b": 0.824,
        "a": 1.0
      },
      "_StockFirstShadowMultColor1": {
        "r": 0.98999995,
        "g": 0.85,
        "b": 0.824,
        "a": 1.0
      },
      "_StockFirstShadowMultColor2": {
        "r": 0.98999995,
        "g": 0.85,
        "b": 0.824,
        "a": 1.0
      },
      "_StockFirstShadowMultColor3": {
        "r": 0.98999995,
        "g": 0.85,
        "b": 0.824,
        "a": 1.0
      },
      "_StockFirstShadowMultColor4": {
        "r": 0.98999995,
        "g": 0.85,
        "b": 0.824,
        "a": 1.0
      },
      "_StockingsLightColor1": {
        "r": 1.0,
        "g": 1.0,
        "b": 1.0,
        "a": 1.0
      },
      "_StockingsLightColor2": {
        "r": 1.0,
        "g": 1.0,
        "b": 1.0,
        "a": 1.0
      },
      "_StockingsLightColor3": {
        "r": 1.0,
        "g": 1.0,
        "b": 1.0,
        "a": 1.0
      },
      "_StockingsLightColor4": {
        "r": 1.0,
        "g": 1.0,
        "b": 1.0,
        "a": 1.0
      },
      "_StockingsLightColorAdd1": {
        "r": 1.0,
        "g": 1.0,
        "b": 1.0,
        "a": 1.0
      },
      "_StockingsLightColorAdd2": {
        "r": 1.0,
        "g": 1.0,
        "b": 1.0,
        "a": 1.0
      },
      "_StockingsLightColorAdd3": {
        "r": 1.0,
        "g": 1.0,
        "b": 1.0,
        "a": 1.0
      },
      "_StockingsLightColorAdd4": {
        "r": 1.0,
        "g": 1.0,
        "b": 1.0,
        "a": 1.0
      },
      "_StockingsShadowColorAdd1": {
        "r": 0.0,
        "g": 0.0,
        "b": 0.0,
        "a": 1.0
      },
      "_StockingsShadowColorAdd2": {
        "r": 0.0,
        "g": 0.0,
        "b": 0.0,
        "a": 1.0
      },
      "_StockingsShadowColorAdd3": {
        "r": 0.0,
        "g": 0.0,
        "b": 0.0,
        "a": 1.0
      },
      "_StockingsShadowColorAdd4": {
        "r": 0.0,
        "g": 0.0,
        "b": 0.0,
        "a": 1.0
      },
      "_StockingsShadowColorMulti1": {
        "r": 1.0,
        "g": 1.0,
        "b": 1.0,
        "a": 1.0
      },
      "_StockingsShadowColorMulti2": {
        "r": 1.0,
        "g": 1.0,
        "b": 1.0,
        "a": 1.0
      },
      "_StockingsShadowColorMulti3": {
        "r": 1.0,
        "g": 1.0,
        "b": 1.0,
        "a": 1.0
      },
      "_StockingsShadowColorMulti4": {
        "r": 1.0,
        "g": 1.0,
        "b": 1.0,
        "a": 1.0
      },
      "_TestTransparentColor": {
        "r": 1.0,
        "g": 1.0,
        "b": 1.0,
        "a": 0.0
      },
      "_TextureLineDistanceControl": {
        "r": 0.1,
        "g": 0.6,
        "b": 1.0,
        "a": 1.0
      },
      "_TextureLineMultiplier": {
        "r": 0.0,
        "g": 0.0,
        "b": 0.0,
        "a": 1.0
      }
    }
  },
  "m_Name": "Beyd_Avatar_Girl_BaseBody_Common_01_Mat",
  "Name": "Beyd_Avatar_Girl_BaseBody_Common_01_Mat",
  "Container": ""
}